country_code,country,ac_qual_edu,pr_sch,sec_sch,qual_univ,cit_doc,tert_sch_years,rgdpe_emp,rgdpe_h,rgdpe_emp_cagr_2012_2017,wb_region,wb_gini,wb_govexp_1_gdp,wb_govexp_1_constPPP,wb_govexp_2_gdp,wb_govexp_2_constPPP,wb_govexp_3_gdp,wb_govexp_3_constPPP,wb_govexp_12_gdp,wb_govexp_12_constPPP,wb_govexp_123_gdp,wb_govexp_123_constPPP,oecd,oecd_exp_perstud_12p23_public,oecd_exp_perstud_12p2_public,oecd_exp_perstud_3_public,oecd_exp_perstud_12p23_private,oecd_exp_perstud_12p2_private,oecd_exp_perstud_3_private,oecd_exp_gdp_12p23_public,oecd_exp_gdp_12p2_public,oecd_exp_gdp_3_public,oecd_exp_gdp_12p23_private,oecd_exp_gdp_12p2_private,oecd_exp_gdp_3_private,oecd_exp_perstud_gdp_12p23,oecd_exp_perstud_gdp_12p2,oecd_exp_perstud_gdp_3,country_considered
AFG,Afghanistan,0.9641,,21.506,,0.00384,0.33869,,,,South Asia,,1.79364,1433.9328,0.90325,722.1059,0.51942,395.5343,2.69689,2156.0387,3.21631,2551.573,0,,,,,,,,,,,,,,,,0
AGO,Angola,0.6786,81.58926667,29.31,0.067094573,0.00324,0.46332,9685.787494,,-0.060141431,Sub-Saharan Africa,51.3,,,,,,,,,,,0,,,,,,,,,,,,,,,,0
ALB,Albania,2.3978,93.96278,89.018,1.465815024,0.139829999,2.81867,32545.6462,,0.009090708,Europe & Central Asia,33.2,2.08063,779.43098,0.77878,291.74037,0.68081,255.0414,2.85941,1071.17135,3.54022,1326.21275,0,,,,,,,,,,,,,,,,1
AND,Andorra,,,68.61,,0.21614,,,,,Europe & Central Asia,,0.67913,,0.79956,,0.13299,,1.47869,,1.61168,,0,,,,,,,,,,,,,,,,0
ARE,United Arab Emirates,3.4766,96.42435,66.998,1.996395455,0.482939994,1.22417,158415.9304,,0.005307817,Middle East & North Africa,32.5,,,,,,,,,,,0,,,,,,,,,,,,,,,,0
ARG,Argentina,2.5853,99.61712,61.1,1.354693389,0.283120003,4.16988,37470.94003,22.15201709,0.002512249,Latin America & Caribbean,41.4,1.61653,16776.69213,2.15973,22414.25003,1.20608,12516.99122,3.77626,39190.94216,4.98234,51707.93338,0,3582.8677,3652.1155,3376.3677,,,,4.881373,3.7261806,1.1551924,,,,,,,1
ARM,Armenia,3.2334,94.49717,97.1,1.790588298,0.366769999,2.51844,28758.11651,,0.054286182,Europe & Central Asia,34.4,0.52456,187.1431,1.26913,452.78284,0.35178,125.50347,1.79369,639.92594,2.14547,765.42941,0,,,,,,,,,,,,,,,,1
ATG,Antigua and Barbuda,,97.14386,,0,0.133840001,0.910575,,,,Latin America & Caribbean,,,,0.93216,14.64652,,,,,,,0,,,,,,,,,,,,,,,,0
AUS,Australia,3.3187,99.35557,91.844,5.225649684,3.388070011,5.571375,96018.41369,55.45407557,0.014876113,East Asia & Pacific,34.4,1.70396,20501.38834,1.65504,19912.82701,1.28691,15483.58194,3.359,40414.21535,4.64591,55897.79729,1,8767.1445,9151.9082,7390.4292,4504.7666,2117.8579,13045.32,3.94890399,3.2217866,0.72711739,2.02904035,0.74555885,1.2834815,26.499866,22.502209,40.803818,1
AUT,Austria,3.409,98.81575,99.134,4.883241042,2.553050017,3.75701,103542.5321,64.19045374,0.020292794,Europe & Central Asia,29.7,0.90578,4353.81992,2.1145,10163.83835,1.70741,8207.03553,3.02028,14517.65827,4.72769,22724.6938,1,15354.524,14456.636,17389.844,964.21234,639.98346,1699.1682,4.4904572,2.9336681,1.5567891,0.28198555,0.1298711,0.15211445,29.859093,27.622932,34.927982,1
AZE,Azerbaijan,0.7678,94.75944,95.542,1.298595558,0.101720001,1.16473,29707.25451,,-0.0275829,Europe & Central Asia,26.6,,,,,0.44977,635.25603,,,,,0,,,,,,,,,,,,,,,,0
BDI,Burundi,0.9188,94.93162,8,0.155659713,0.00482,0.24213,1741.842491,,0.010108763,Sub-Saharan Africa,38.6,2.72369,227.95778,1.60778,134.5627,1.45289,121.59929,4.33147,362.52048,5.78436,484.11977,0,,,,,,,,,,,,,,,,0
BEL,Belgium,3.7953,98.9678,81.948,3.757442504,2.604360008,3.56688,111771.1426,72.37802446,0.013257105,Europe & Central Asia,27.4,1.52471,8797.68559,2.79354,15039.40056,1.45121,8373.58212,4.31825,23837.08615,5.76946,32210.66827,1,13393.53097,12616.73887,16629.44783,893.17822,437.25604,2792.4368,5.2459238,4.0144767,1.2314471,0.35466846,0.14001678,0.21465168,28.139263,25.711296,38.253563,1
BEN,Benin,2.9622,95.98494,22.422,0.134339205,0.03863,0.73207,4954.128208,,0.011657951,Sub-Saharan Africa,47.8,1.58042,492.40306,0.75312,234.64427,0.70278,218.96259,2.33354,727.04733,3.03632,946.00992,0,,,,,,,,,,,,,,,,0
BFA,Burkina Faso,0.9302,69.31267,8.43,0.121871189,0.02638,0.28133,5049.747992,,0.031789768,Sub-Saharan Africa,35.3,2.12381,744.17341,0.96086,356.7429,1.51696,563.21108,3.08467,1100.91631,4.60163,1664.12739,0,,,,,,,,,,,,,,,,0
BGD,Bangladesh,0.7402,95.4362,41.916,0.118845869,0.0256,0.75536,8920.53211,3.99601995,0.045946668,South Asia,32.4,0.97034,4316.15402,0.83613,5883.31345,0.45645,3211.74921,1.80647,10199.46747,2.26292,13411.21668,0,,,,,,,,,,,,,,,,0
BGR,Bulgaria,2.6506,94.50341,94.142,1.495831014,0.600819996,3.05021,41073.76186,24.99091887,0.036679415,Europe & Central Asia,40.4,0.80885,1222.68611,1.53017,2313.06036,0.81031,1224.88912,2.33902,3535.74647,3.14933,4760.63559,0,,,,,,,,,,,,,,,,1
BHR,Bahrain,2.591,95.69413,57.28,4.422353008,0.32595,2.06623,68500.734,,-0.011766693,Middle East & North Africa,,0.88012,583.21852,1.17995,781.90479,0.60448,373.17839,2.06007,1365.12331,2.66455,1738.3017,0,,,,,,,,,,,,,,,,1
BHS,"Bahamas, The",,80.27159,87.876,0,0.12758,,54076.95013,,-0.023982092,Latin America & Caribbean,,,,,,,,,,,,0,,,,,,,,,,,,,,,,1
BIH,Bosnia and Herzegovina,2.673,,70.06,0.958497343,0.283459996,,58714.88351,,0.043617268,Europe & Central Asia,33,,,3.37963,1508.05421,0.74967,339.25192,,,,,0,,,,,,,,,,,,,,,,1
BLR,Belarus,3.6367,98.9361,90.11,1.516436077,0.19725,4.03301,37588.72864,,-0.004652214,Europe & Central Asia,25.2,,,2.41949,4200.9557,0.79014,1371.91688,,,,,0,,,,,,,,,,,,,,,,1
BLZ,Belize,,98.95345,77.156,0,0.08005,1.22788,20563.2633,,0.000868452,Latin America & Caribbean,,2.36524,63.72615,3.04738,82.10506,0.7126,19.19939,5.41262,145.83121,6.12522,165.0306,0,,,,,,,,,,,,,,,,0
BOL,Bolivia,0.8981,91.53051,52.744,1.017691775,0.02655,,14087.48504,,0.011726358,Latin America & Caribbean,42.2,,,,,,,,,,,0,,,,,,,,,,,,,,,,0
BRA,Brazil,1.0517,97.59215,55.706,0.456040995,0.319209996,2.14786,28531.98669,16.69039316,-0.010381121,Latin America & Caribbean,53.9,1.57747,47603.50973,2.51894,76014.49095,1.52052,45884.88978,4.09641,123618.0007,5.61693,169502.8905,0,3434.2705,3243.0122,4329.0259,,,,5.1119156,3.9771036,1.134812,,,,,,,1
BRB,Barbados,3.7226,96.22685,91.048,0.706022433,0.379249996,3.5155,30678.41215,,-0.030914616,Latin America & Caribbean,,1.46593,65.21567,1.94623,86.5831,1.2462,56.81458,3.41216,151.79877,4.65836,208.61335,0,,,,,,,,,,,,,,,,1
BRN,Brunei Darussalam,,99.56344,67.928,1.399589889,0.826110011,1.27455,113151.3102,,-0.073003748,East Asia & Pacific,,0.86396,209.36899,2.69261,652.51496,0.83616,202.63091,3.55657,861.88395,4.39273,1064.51486,0,,,,,,,,,,,,,,,,0
BTN,Bhutan,3.5347,89.60226,10.41,0.258154892,0.10816,0.55767,17089.97899,,0.038391354,South Asia,37.4,1.9326,122.06795,3.14922,210.40239,0.62434,39.43492,5.08182,332.47034,5.70616,371.90526,0,,,,,,,,,,,,,,,,0
BWA,Botswana,2.6088,88.47135,83.174,0.461495551,0.215529998,1.26243,39836.00377,,0.020677914,Sub-Saharan Africa,53.3,,,,,,,,,,,0,,,,,,,,,,,,,,,,1
CAF,Central African Republic,0.9339,65.384575,20.166,0.044058742,0.01018,0.1434,1903.202244,,-0.051178736,Sub-Saharan Africa,56.2,0.59528,31.37177,0.26817,14.13275,0.30237,16.6032,0.86345,45.50452,1.16582,62.10772,0,,,,,,,,,,,,,,,,0
CAN,Canada,3.4495,99.59402,100,3.089978939,2.571340013,3.22134,87138.03067,51.36455164,0.011269523,North America,33.3,1.83267,30254.85182,1.39268,20808.01911,1.65412,27762.47752,3.22535,51062.87093,4.87947,78825.34845,1,11021.13,10340.196,13309.598,3406.8386,1039.9327,11361.492,4.5076861,3.2593597,1.2483264,1.39341057,0.32779987,1.0656107,30.915613,24.384838,52.864124,1
CHE,Switzerland,3.7643,99.73761,95.684,5.125242238,4.812370014,2.66715,107879.3216,67.86246783,0.012949905,Europe & Central Asia,32.7,1.49526,8484.83433,1.81433,9942.10573,1.35838,7708.09155,3.30959,18426.94006,4.66797,26135.03161,1,18571.56471,16285.999,28298.11819,,,,4.5235225,3.2342549,1.2892676,,,,,,,1
CHL,Chile,1.32,96.69952,76.98,2.076139964,0.589800003,4.00574,53407.93571,27.05569185,0.008666386,Latin America & Caribbean,44.4,1.51059,6602.50066,1.54074,6734.30784,1.36849,5981.40931,3.05133,13336.8085,4.41982,19318.21781,1,4059.8972,4310.0527,3447.0251,2427.4502,902.80737,6162.7695,3.96037638,2.9857203,0.97465608,2.36794578,0.62540538,1.7425404,27.422287,22.034975,40.620998,1
CHN,China,1.624,,72.318,0.200016758,0.348679996,1.83344,23236.39447,10.68659297,0.045438962,East Asia & Pacific,38.5,,,,,,,,,,,0,,,,,,,,,,,,,,,,0
CIV,Côte d'Ivoire,1.1257,73.00511,23.922,0.035553093,0.01732,0.42894,11101.70354,,0.058851914,Sub-Saharan Africa,41.5,1.53991,1941.37721,1.1435,1441.62839,0.45675,575.82773,2.68341,3383.0056,3.14016,3958.83333,0,,,,,,,,,,,,,,,,0
CMR,Cameroon,2.3639,92.71015,34.538,0.099105851,0.05043,0.67928,7783.32495,,0.01792887,Sub-Saharan Africa,46.6,0.93778,675.51426,1.41745,968.68472,0.28254,203.52098,2.35523,1644.19898,2.63777,1847.71996,0,,,,,,,,,,,,,,,,0
COD,"Congo, Democratic Republic of",1.9736,,43.09,0.048955756,0.00119,0.35435,2177.351401,,0.004650163,Sub-Saharan Africa,42.1,1.27019,881.42402,0.29613,205.49676,0.51669,358.32822,1.56632,1086.92078,2.08301,1445.249,0,,,,,,,,,,,,,,,,0
COG,"Congo, Republic of",1.2752,85.4529,46.282,0.041100864,0.074399999,0.53202,12793.73732,,-0.033961176,Sub-Saharan Africa,48.9,1.92834,292.5475,3.31765,503.31933,0.70545,118.84302,5.24599,795.86683,5.95144,914.70985,0,,,,,,,,,,,,,,,,0
COL,Colombia,1.341,96.82309,47.876,0.894855658,0.180070001,2.53597,27574.78903,13.8029363,0.012292823,Latin America & Caribbean,50.4,1.45803,10464.29536,1.69641,12175.15133,1.03925,7458.68573,3.15444,22639.44669,4.19369,30098.13242,1,2513.129604,2452.407272,2783.425011,1094.2693,684.38153,2918.8193,3.95684224,3.153731,0.80311124,1.72399361,0.88043482,0.84355879,25.064751,21.794882,39.620052,1
COM,Comoros,1.9825,85.07561,,0,0.01574,0.41054,11411.68838,,0.012845039,Sub-Saharan Africa,45.3,1.38991,31.97928,0.70481,16.2163,0.26498,6.09678,2.09472,48.19558,2.3597,54.29236,0,,,,,,,,,,,,,,,,0
CPV,Cabo Verde,2.8166,93.70894,29.52,2.815468938,0.05736,1.09721,17567.99002,,0.009345791,Sub-Saharan Africa,42.4,1.97396,70.48434,2.06899,73.87761,0.88873,31.73379,4.04295,144.36195,4.93168,176.09574,0,,,,,,,,,,,,,,,,0
CRI,Costa Rica,3.25,99.0296,51.748,3.035179373,0.171210001,2.48118,39661.35691,17.92698061,0.038534978,Latin America & Caribbean,48,2.09278,2074.9107,2.409,2388.43238,1.56983,1556.42857,4.50178,4463.34308,6.07161,6019.77165,0,,,,,,,,,,,,,,,,1
CUB,Cuba,3.2215,96.96481,83.14286,,0.180440003,2.96763,,,,Latin America & Caribbean,,3.72731,,3.73666,,,,7.46397,,,,0,,,,,,,,,,,,,,,,0
CYP,Cyprus,3.76,98.82455,77.988,7.463706516,1.753120005,2.53561,88735.51084,49.75300502,0.015183937,Europe & Central Asia,31.4,1.88125,610.67968,2.40704,781.35914,1.16082,376.8171,4.28829,1392.03882,5.44911,1768.85592,0,,,,,,,,,,,,,,,,1
CZE,Czechia,3.7893,99.59551,99.8,2.692730967,2.024660027,3.01713,71487.21271,40.24813796,0.034140936,Europe & Central Asia,24.9,0.81212,3311.62178,1.72334,7027.32866,0.70447,2872.65915,2.53546,10338.95044,3.23993,13211.60959,1,7685.398366,7401.123,8836.01059,1046.8785,651.23322,2648.2664,3.15727282,2.4674066,0.68986622,0.43523933,0.21710989,0.21812944,22.676908,20.911219,29.823597,1
DEU,Germany,3.5011,97.87141,96.52,2.895972772,1.902799988,3.0336,93328.42716,68.9336984,0.023028617,Europe & Central Asia,31.9,0.63432,27794.4318,1.99692,87500.84395,1.25166,54845.37419,2.63124,115295.2758,3.8829,170140.6499,1,11699.29756,10628.837,15677.66424,1829.3153,1565.7721,2808.7739,3.6281669,2.6132395,1.0149274,0.57077852,0.38496569,0.18581283,25.520018,23.003588,34.87233,1
DJI,Djibouti,1.0732,58.54259,,0.219587852,0.02079,0.208333333,9269.532669,,0.066964378,Middle East & North Africa,41.6,1.68105,73.55785,0.03253,1.42349,0.74086,,1.71358,74.98134,2.45444,,0,,,,,,,,,,,,,,,,0
DMA,Dominica,,97.71069,,0,0.420980003,,,,,Latin America & Caribbean,,1.80834,14.68611,1.79046,14.54094,0,0,3.5988,29.22705,3.5988,29.22705,0,,,,,,,,,,,,,,,,0
DNK,Denmark,3.7762,99.51796,93.554,4.453823772,4.027930021,4.06582,97982.2958,69.9682893,0.021254026,Europe & Central Asia,28.7,1.932,6133.09083,2.11539,6715.26962,2.45328,7787.88551,4.04739,12848.36045,6.50067,20636.24596,1,13233.683,11877.947,17861.621,265.51016,284.5618,200.4756,5.3726516,3.7296577,1.6429939,0.10779265,0.08935198,0.01844067,24.523645,22.095325,32.812958,1
DOM,Dominican Republic,1.0396,94.65644,54.926,0.744622156,0.01266,2.5864,35015.44244,,0.038508762,Latin America & Caribbean,43.7,2.01311,3981.94953,1.14845,2271.64334,,,3.16156,6253.59287,,,0,,,,,,,,,,,,,,,,1
DZA,Algeria,3.0021,99.24019,33.536,0.301531723,0.14062,1.85006,44885.92418,,-0.019675097,Middle East & North Africa,27.6,,,,,,,,,,,0,,,,,,,,,,,,,,,,0
ECU,Ecuador,2.3196,98.96361,46.89,0.67253316,0.116669999,2.28047,21383.3373,12.56840977,-0.021116848,Latin America & Caribbean,45.4,1.26954,2507.6654,0.74582,1473.17442,1186147.605,2344197260,2.01536,3980.83982,1186149.62,2344201241,0,,,,,,,,,,,,,,,,0
EGY,Egypt,0.4164,98.56545,58.908,0.234486186,0.172390001,1.58451,34274.27063,,0.018466543,Middle East & North Africa,31.5,1.2677,13400.73141,1.30571,13802.52273,,,2.57341,27203.25414,,,0,,,,,,,,,,,,,,,,1
ERI,Eritrea,1.2814,62.77017,,,0.0101,0.16982,,,,Sub-Saharan Africa,,,,,,,,,,,,0,,,,,,,,,,,,,,,,0
ESP,Spain,3.4972,99.2874,71.702,1.746806008,1.737959993,3.65428,90006.14563,53.36868601,0.016789721,Europe & Central Asia,34.7,1.13227,20878.57259,1.56259,28813.41434,0.93431,17228.23483,2.69486,49691.98693,3.62917,66920.22176,1,8202.986034,7946.2808,9116.08918,1901.8612,1219.2227,4330.0132,3.46019573,2.6309202,0.82927553,0.8067101,0.40367029,0.40303981,25.499985,23.129513,33.931774,1
EST,Estonia,3.7493,98.52829,99.872,5.940046353,2.094180012,3.34065,62218.17083,33.51039438,0.016267963,Europe & Central Asia,30.4,1.38034,615.01386,1.31771,587.10672,1.13734,506.74449,2.69805,1202.12058,3.83539,1708.86507,1,8245.52733,7137.46017,12453.9108,700.41302,324.94611,2126.4175,3.8422708,2.7652964,1.0769744,0.34350552,0.12614915,0.21735637,26.415089,22.03459,43.052006,1
ETH,Ethiopia,1.1238,82.04004,14.15,0.061600119,0.01989,0.38829,3343.048835,,0.055167047,Sub-Saharan Africa,35,1.30069,2095.75475,0.85941,1384.73355,2.2672,3653.06673,2.1601,3480.4883,4.4273,7133.55503,0,,,,,,,,,,,,,,,,0
FIN,Finland,3.7632,99.03753,100,7.729007958,3.291260004,4.4409,93790.75261,56.52494844,0.014917646,Europe & Central Asia,27.4,1.34143,3508.32893,2.34534,6133.93693,1.65517,4328.88166,3.68677,9642.26586,5.34194,13971.14752,1,11445.99071,10048.61499,17108.12753,190.73163,84.396561,621.59888,5.0343722,3.5955192,1.438853,0.08513115,0.03021316,0.05491799,24.513519,21.345852,37.348827,1
FJI,Fiji,2.5304,99.23096,70.7,0.677273338,0.295759997,,22146.77716,,0.021457614,East Asia & Pacific,36.7,1.49894,147.86976,0.66539,61.80051,0.8761,86.42623,2.16433,209.67027,3.04043,296.0965,0,,,,,,,,,,,,,,,,0
FRA,France,3.5389,99.44524,81.398,2.840452467,1.632670009,2.8615,98713.14069,65.19432201,0.01726918,Europe & Central Asia,31.6,1.157,34678.86509,2.34572,70308.23106,1.22644,36759.97276,3.50272,104987.0962,4.72916,141747.0689,1,10558.65403,9859.340412,13366.93518,1521.1252,1007.283,3584.5967,4.5177366,3.3971268,1.1206098,0.65480991,0.34716258,0.30764733,27.053558,24.336605,37.964211,1
FSM,Micronesia,,88.61882,,,0.146060001,,,,,East Asia & Pacific,40.1,,,,,,,,,,,0,,,,,,,,,,,,,,,,0
GAB,Gabon,2.3202,,51.802,1.058138384,0.087300001,,44839.84628,,-0.057518273,Sub-Saharan Africa,38,0.77961,226.70103,0.7717,224.40002,1.00869,293.31436,1.55131,451.10105,2.56,744.41541,0,,,,,,,,,,,,,,,,0
GBR,United Kingdom,3.2646,99.17265,87.82,4.442844882,2.527370024,2.85459,87201.48938,52.20793152,0.016735979,Europe & Central Asia,34.8,1.73136,50167.60228,2.00571,58116.92649,1.44957,42002.44238,3.73707,108284.5288,5.18664,150286.9712,1,9544.07831,9803.799269,8158.1878,4664.6973,1793.4408,19985.904,4.13104224,3.6359534,0.49508884,2.0561649,0.6657681,1.3903968,31.773075,25.93327,62.934654,1
GEO,Georgia,3.2013,98.55739,95.82572,1.926057376,0.331970003,2.09753,32138.0937,,0.053431045,Europe & Central Asia,36.4,0.65454,275.6952,0.61241,257.94871,0.4122,219.00327,1.26695,533.64391,1.67915,752.64718,0,,,,,,,,,,,,,,,,1
GHA,Ghana,1.3556,93.20759,58.506,0.381729898,0.060800001,0.67478,10416.34959,,0.011249306,Sub-Saharan Africa,43.5,0.9746,1240.62231,1.66116,2114.57593,0.82044,1044.38277,2.63576,3355.19824,3.4562,4399.58101,0,,,,,,,,,,,,,,,,0
GIN,Guinea,1.0831,75.52556,11.7,0.016933001,0.00645,0.57771,6050.455767,,0.03260175,Sub-Saharan Africa,33.7,1.42772,442.82403,0.48458,150.29801,0.4006,124.25013,1.9123,593.12204,2.3129,717.37217,0,,,,,,,,,,,,,,,,0
GMB,"Gambia, The",1.5069,72.8135,30.174,0.192728035,0.07019,0.136875,8022.376166,,0.002155694,Sub-Saharan Africa,35.9,1.20609,51.79055,0.70924,30.45519,0.24469,10.50738,1.91533,82.24574,2.16002,92.75312,0,,,,,,,,,,,,,,,,0
GNB,Guinea-Bissau,0.8078,72.6682,,0,0.02453,,4463.629091,,0.057055035,Sub-Saharan Africa,50.7,1.3737,40.08734,0.64922,18.94543,0.08313,2.42583,2.02292,59.03277,2.10605,61.4586,0,,,,,,,,,,,,,,,,0
GNQ,Equatorial Guinea,1.282,45.53027,,0.178143082,0.01262,,47239.50805,,-0.145731386,Sub-Saharan Africa,,,,,,,,,,,,0,,,,,,,,,,,,,,,,0
GRC,Greece,3.618,97.96092,65.934,2.402293283,1.577980018,5.3787,64998.94419,32.22722639,0.001496478,Europe & Central Asia,34.4,1.17909,3688.71566,1.34914,4220.70517,0.62,1939.64049,2.52823,7909.42083,3.14823,9849.06132,1,4698.006174,5726.162716,2815.46641,,,478.72003,3.13967857,2.5278979,0.61178067,,,0.11544763,,,11.324527,1
GRD,Grenada,,98.54343,,0,1.189700007,4.30986,23716.5216,,0.032953261,Latin America & Caribbean,,0.99403,17.87361,0.8688,15.62195,0.43101,7.75004,1.86283,33.49556,2.29384,41.2456,0,,,,,,,,,,,,,,,,1
GTM,Guatemala,0.8164,91.03266,29.996,0.152332327,0.01424,1.13955,17306.7654,,0.023182979,Latin America & Caribbean,48.3,1.83717,2634.84261,0.3994,572.81684,0.43164,619.05364,2.23657,3207.65945,2.66821,3826.71309,0,,,,,,,,,,,,,,,,0
GUY,Guyana,2.2793,96.28355,59.204,,0.04667,0.57435,,,,Latin America & Caribbean,,0.9724,57.10219,1.05818,62.13921,0.1611,9.46022,2.03058,119.2414,2.19168,128.70162,0,,,,,,,,,,,,,,,,0
HND,Honduras,0.5517,83.41807,30.664,0.227311725,0.01151,1.17182,10174.35314,,-0.004012369,Latin America & Caribbean,52.1,2.87287,1292.52778,1.48579,668.47201,0.87808,422.76944,4.35866,1960.99979,5.23674,2383.76923,0,,,,,,,,,,,,,,,,0
HRV,Croatia,3.5659,97.47104,92.105,0.866522454,1.537659991,3.04461,66598.82355,36.29496718,0.025320483,Europe & Central Asia,30.4,1.64654,1806.17475,,,0.8633,946.99767,,,,,0,,,,,,,,,,,,,,,,1
HTI,Haiti,0.2474,,31.044,0.170439459,0.00818,,3976.284266,,-0.003562495,Latin America & Caribbean,41.1,,,,,,,,,,,0,,,,,,,,,,,,,,,,0
HUN,Hungary,2.788,97.48185,97.38,2.065828022,1.025240004,2.68871,59838.07494,30.88683762,0.002662075,Europe & Central Asia,30.6,0.66594,1924.77874,1.74249,5036.35983,0.80113,2315.51364,2.40843,6961.13857,3.20956,9276.65221,1,6658.849636,6254.1621,8679.97619,1138.3998,525.70465,4198.3745,3.34810123,2.6365765,0.71152473,0.57601008,0.22162209,0.35438799,26.405121,22.959789,43.612095,1
IDN,Indonesia,1.3665,95.01057,46.408,0.210746474,0.053199999,1.57323,23344.40016,11.53215937,0.029625919,East Asia & Pacific,37.8,1.52661,40035.18721,0.96743,25370.74387,0.56622,14848.97431,2.49404,65405.93108,3.06026,80254.90539,0,,,,,,,,,,,,,,,,0
IND,India,0.8138,97.07888,47.046,0.095271278,0.095670001,1.19611,15640.69755,7.388101544,0.055277467,South Asia,35.7,1.09193,63221.27789,1.58988,92052.05568,1.09676,63501.09827,2.68181,155273.3336,3.77857,218774.4318,0,,,,,,,,,,,,,,,,0
IRL,Ireland,3.5229,99.70186,83.868,7.603158229,2.578379989,3.13852,167077.8272,95.7090722,0.079825084,Europe & Central Asia,32.8,1.21354,4557.94653,1.08326,4068.65645,0.97312,3654.9789,2.2968,8626.60298,3.26992,12281.58188,1,8854.26134,8229.850819,11949.28703,1635.2052,987.6687,4844.8599,2.84857627,2.2332119,0.61536437,0.53324646,0.26801197,0.26523449,13.411688,11.785394,21.472767,1
IRN,Iran,2.1524,98.67898,66.39,0.649641592,0.587329993,2.81358,57497.86018,,-0.001233485,Middle East & North Africa,40.8,1.30822,15131.84879,1.36065,15738.28633,1.11698,12919.81953,2.66887,30870.13512,3.78585,43789.95465,0,,,,,,,,,,,,,,,,0
IRQ,Iraq,1.4659,,43.876,0.20091067,0.101280002,,68092.47938,,0.042749702,Middle East & North Africa,29.5,,,,,,,,,,,0,,,,,,,,,,,,,,,,0
ISL,Iceland,3.7986,99.05651,97.78,14.65452505,4.160720038,4.00917,89210.5889,59.73796238,0.028221432,Europe & Central Asia,26.8,2.22269,424.09205,2.10578,401.78484,1.37541,262.42927,4.32847,825.87689,5.70388,1088.30616,1,13195.81295,12786.97631,14968.52796,623.57062,467.13898,1301.8558,5.5169115,4.365421,1.1514905,0.2619997,0.15949036,0.10250934,24.903545,23.88489,29.320429,1
ISR,Israel,2.4462,99.86758,87.202,3.574691895,2.202519989,3.43487,78319.22617,40.77829537,0.027976761,Middle East & North Africa,39,2.38967,8113.61085,1.86732,6340.07687,0.90322,3066.70245,4.25699,14453.68772,5.16021,17520.39017,1,7801.6611,8057.5693,6689.3862,1869.3916,1006.2172,5621.0747,5.01110739,4.2074459,0.80366149,1.20073428,0.52541955,0.67531473,24.808603,23.250818,31.579329,1
ITA,Italy,3.4943,98.88193,77.04,2.173273544,1.600570011,3.01556,95349.5333,55.35173939,0.017965658,Europe & Central Asia,35.9,0.98343,24875.78929,1.74119,42767.81362,0.75162,19012.28634,2.72462,67643.60291,3.47624,86655.88925,1,9178.49845,9490.088741,7929.92525,1294.6035,545.50159,4296.335,3.324477,2.7693425,0.5551345,0.47606142,0.16053373,0.31552769,25.064354,24.017296,29.260033,1
JAM,Jamaica,2.4069,88.32058,62.64,0.349528783,0.11171,1.34032,19298.45739,,0.001293025,Latin America & Caribbean,45.5,1.81781,500.07971,1.98871,547.09503,0.92089,253.33539,3.80652,1047.17474,4.72741,1300.51013,0,,,,,,,,,,,,,,,,0
JOR,Jordan,2.3372,78.31182,79.096,1.067669135,0.336700001,1.87016,37316.90022,,0.003578515,Middle East & North Africa,33.7,1.48978,1490.78867,1.28059,1281.4582,0.29211,292.30672,2.77037,2772.24687,3.06248,3064.55359,0,,,,,,,,,,,,,,,,1
JPN,Japan,3.8657,,90.396,1.992993788,0.974089992,,74784.47642,43.02005066,0.010255671,East Asia & Pacific,32.9,1.11637,56667.34219,1.32911,67466.58713,0.63643,32305.73762,2.44548,124133.9293,3.08191,156439.6669,1,8487.0107,9212.0615,5883.5737,3409.0261,750.45245,12955.161,2.86304472,2.4306943,0.43235042,1.15001556,0.19801437,0.95200119,29.508898,24.712667,46.730717,1
KAZ,Kazakhstan,2.8457,99.64386,99.484,2.366068483,0.13411,2.52355,47710.98287,,0.015198617,Europe & Central Asia,27.5,0.01721,80.33844,2.04184,8796.42105,0.24542,1145.75756,2.05905,8876.75949,2.30447,10022.51705,0,,,,,,,,,,,,,,,,0
KEN,Kenya,1.9877,85.07385,31.566,0.218845531,0.04845,0.40317,7462.609617,,0.017335292,Sub-Saharan Africa,40.8,1.91555,3051.55878,2.2015,3507.10434,0.68917,1097.88681,4.11705,6558.66312,4.80622,7656.54993,0,,,,,,,,,,,,,,,,0
KGZ,Kyrgyzstan,2.3779,98.32657,97.212,0.970632655,0.030580001,2.27982,9628.912203,,0.049829422,Europe & Central Asia,27.7,,,,,0.18269,57.14463,,,,,0,,,,,,,,,,,,,,,,0
KHM,Cambodia,0.8347,94.52292,18.556,0.681267468,0.02022,0.68766,6075.790728,2.474308727,0.044943402,East Asia & Pacific,,0.92518,475.42648,0.84111,432.22871,0.12508,59.9925,1.76629,907.65519,1.89137,967.64769,0,,,,,,,,,,,,,,,,0
KIR,Kiribati,,97.97466,,,0.047820001,,,,,East Asia & Pacific,37,,,,,,,,,,,0,,,,,,,,,,,,,,,,0
KNA,St. Kitts and Nevis,,99.10862,,0,1.030289996,3.43333,,,,Latin America & Caribbean,,0.56522,7.40005,1.40168,18.87017,0.40592,5.31447,1.9669,26.27022,2.37282,31.58469,0,,,,,,,,,,,,,,,,0
KOR,"Korea, Republic of",3.765,97.9544,89.512,2.112703848,1.47197001,4.7973,73114.66015,35.43524568,0.020706522,East Asia & Pacific,31.6,1.37358,28040.159,1.67599,34213.57022,0.886,18086.73949,3.04957,62253.72922,3.93557,80340.46871,1,8636.7686,11093.521,4054.6672,3344.5449,1610.7214,6578.3086,3.62502376,3.0310405,0.59398326,1.40377216,0.44009131,0.96368085,29.222006,30.985203,25.933458,1
KSV,Kosovo,3.0355,,,,,,,,,Europe & Central Asia,29,,,,,,,,,,,0,,,,,,,,,,,,,,,,0
KWT,Kuwait,3.5746,97.12302,52.612,0.75709735,0.396509993,2.40303,77798.64915,,-0.121810786,Middle East & North Africa,,1.02984,1749.94011,1.38829,2359.04377,,,2.41813,4108.98388,,,0,,,,,,,,,,,,,,,,0
LAO,Laos,1.5096,93.89681,34.856,0.0303898,0.03187,0.90849,12577.83444,,0.061591972,East Asia & Pacific,36.4,1.19401,491.00386,1.1339,466.28644,0.40578,166.86596,2.32791,957.2903,2.73369,1124.15626,0,,,,,,,,,,,,,,,,0
LBN,Lebanon,2.0161,,54.22,2.314323164,0.370630002,,44767.18956,,-0.01134543,Middle East & North Africa,31.8,,,0.41575,431.13225,0.69912,724.99076,,,,,0,,,,,,,,,,,,,,,,1
LBR,Liberia,1.276,90.59959,22.182,0.136817286,0.01135,0.5214,2686.278878,,0.015786602,Sub-Saharan Africa,35.3,1.09535,70.996,1.38106,89.51458,0.56092,30.50109,2.47641,160.51058,3.03733,191.01167,0,,,,,,,,,,,,,,,,0
LCA,St. Lucia,,97.66887,45.42,0,0.04797,0.80319,29214.08696,,0.010883128,Latin America & Caribbean,51.2,1.16843,31.11004,1.34186,35.72772,0,0,2.51029,66.83776,2.51029,66.83776,0,,,,,,,,,,,,,,,,1
LIE,Liechtenstein,,97.44948,,,3.042989969,1.6107,,,,Europe & Central Asia,,0.98715,,1.21229,,,,2.19944,,,,0,,,,,,,,,,,,,,,,0
LKA,Sri Lanka,2.4174,96.9068,78.876,0.223195921,0.06954,0.90175,35732.4002,18.57255693,0.047070561,South Asia,39.8,0.6342,1767.98761,0.97165,2708.73733,0.4406,1228.29519,1.60585,4476.72494,2.04645,5705.02013,0,,,,,,,,,,,,,,,,1
LSO,Lesotho,3.2637,91.92257,23.612,0.093217746,0.02174,0.59162,9596.913844,,0.043018957,Sub-Saharan Africa,44.9,3.90876,245.1491,2.10006,131.71124,0.51745,32.4532,6.00882,376.86034,6.52627,409.31354,0,,,,,,,,,,,,,,,,0
LTU,Lithuania,3.4857,99.87968,92.52,4.956013595,1.159080005,3.66025,64653.40345,35.06117367,0.024488572,Europe & Central Asia,37.3,0.73772,705.69917,1.44188,1379.30075,0.75285,720.17851,2.1796,2084.99992,2.93245,2805.17843,1,5827.08473,5804.042995,5900.38729,825.39099,290.22061,2527.8921,2.92351433,2.2565254,0.66698893,0.42351474,0.11329954,0.3102152,19.669546,18.019066,24.920111,1
LUX,Luxembourg,3.8428,97.55981,99.434,2.333322449,2.891490006,0.87161,138440.3476,91.14768408,0.01518342,Europe & Central Asia,34.9,1.04796,705.07165,1.58059,1063.42413,0.46011,309.56466,2.62855,1768.49578,3.08866,2078.06044,1,22611.91198,20696.833,49100.6453,712.09583,547.55951,2987.907,3.03052166,2.5973377,0.43318396,0.0988025,0.0708509,0.0279516,20.695354,18.850117,46.21809,1
LVA,Latvia,3.4734,98.53581,99.006,3.480075534,0.927259991,3.27496,58128.31667,31.00841875,0.036127392,Europe & Central Asia,35.6,1.34621,744.89214,1.46347,809.77724,0.69481,384.45357,2.80968,1554.66938,3.50449,1939.12295,1,6242.13027,6423.794912,5616.31098,879.3407,342.10342,2730.0752,3.42000664,2.788463,0.63154364,0.49465166,0.14914706,0.3455046,24.983368,23.735958,29.280586,1
MAR,Morocco,1.0592,94.8773,28.488,0.217692364,0.138840002,1.21722,21985.55055,,0.032185139,Middle East & North Africa,39.5,2.29122,5356.0511,2.71144,6338.38362,,,5.00266,11694.43472,,,0,,,,,,,,,,,,,,,,0
MCO,Monaco,,,,,3.558140016,,,,,Europe & Central Asia,,0.17413,,0.43134,,,,0.60547,,,,0,,,,,,,,,,,,,,,,0
MDA,Moldova,2.7368,91.62136,95.216,0.344226184,0.15419,1.91638,15944.25669,,0.028144807,Europe & Central Asia,25.7,1.26921,424.95582,1.95813,655.62111,0.64736,216.75033,3.22734,1080.57693,3.8747,1297.32726,0,,,,,,,,,,,,,,,,0
MDG,Madagascar,0.2789,98.0401,,0.050952519,0.01175,0.24991,3117.522155,,0.013103828,Sub-Saharan Africa,42.6,1.10835,381.05769,0.4528,155.67535,0.00016,0.06107,1.56115,536.73304,1.56131,536.79411,0,,,,,,,,,,,,,,,,0
MDV,Maldives,1.9709,98.38381,37.22,0,0.05042,0.90252,34325.39987,,0.041090082,South Asia,31.3,1.45843,146.46487,0.86256,86.62411,0.8441,70.57312,2.32099,233.08898,3.16509,303.6621,0,,,,,,,,,,,,,,,,1
MEX,Mexico,1.045,99.56609,56.742,1.09260215,0.16442,1.68421,42198.72239,18.71340239,0.020183357,Latin America & Caribbean,45.4,1.49102,36829.22404,1.50492,37172.68595,0.91119,22507.1621,2.99594,74001.90999,3.90713,96509.07209,1,2772.6335,2483.8071,4594.29,547.75458,318.75397,1992.0836,3.66971651,2.8375438,0.83217271,0.72497999,0.36414999,0.36083,16.583151,13.996947,32.894596,1
MHL,Marshall Islands,,83.82782,92.1,,0.097200001,1.2183,,,,East Asia & Pacific,,,,,,,,,,,,0,,,,,,,,,,,,,,,,0
MKD,Republic of North Macedonia,2.5644,94.60591,48.18,1.196356998,0.397190002,1.9988,36063.63903,,0.014506197,Europe & Central Asia,34.2,,,,,,,,,,,0,,,,,,,,,,,,,,,,1
MLI,Mali,1.1109,64.73299,11.61,0.07166494,0.0138,0.30704,6193.543382,,0.029608334,Sub-Saharan Africa,33,1.6918,704.1406,1.40136,583.25664,0.65472,272.49771,3.09316,1287.39724,3.74788,1559.89495,0,,,,,,,,,,,,,,,,0
MLT,Malta,3.7184,99.43079,74.102,1.411532077,1.259070021,2.18256,91021.77494,44.61782296,0.049382446,Middle East & North Africa,29.2,0.95007,184.76734,1.92017,373.42773,1.25682,244.42208,2.87024,558.19507,4.12706,802.61715,0,,,,,,,,,,,,,,,,1
MMR,Myanmar,0.8754,94.12882,22.63,0.003851958,0.00517,0.78732,9648.012583,3.957569178,0.055880721,East Asia & Pacific,30.7,0.7019,1950.64752,0.74154,2060.82451,0.28265,785.51199,1.44344,4011.47203,1.72609,4796.98402,0,,,,,,,,,,,,,,,,0
MNE,Montenegro,3.5388,96.9168,89.908,0.318735411,0.600290006,2.72618,51085.2304,,0.044959977,Europe & Central Asia,39,,,,,,,,,,,0,,,,,,,,,,,,,,,,1
MNG,Mongolia,2.8404,98.5087,86.952,1.028306289,0.12319,3.06746,30939.51186,,0.054198812,East Asia & Pacific,32.7,1.31719,463.94465,1.19494,420.88677,0.26202,92.29154,2.51213,884.83142,2.77415,977.12296,0,,,,,,,,,,,,,,,,1
MOZ,Mozambique,1.0177,89.94306,15.046,0.022089779,0.011,0.29607,3236.581745,,0.045521661,Sub-Saharan Africa,54,3.01159,897.11468,1.87153,557.50507,0.83724,249.40375,4.88312,1454.61975,5.72036,1704.0235,0,,,,,,,,,,,,,,,,0
MRT,Mauritania,0.3211,74.94082,16.566,0.098707571,0.01099,0.29229,11202.73071,,0.000566335,Sub-Saharan Africa,32.6,0.92774,218.20567,0.50053,117.72575,0.35201,82.7942,1.42827,335.93142,1.78028,418.72562,0,,,,,,,,,,,,,,,,0
MUS,Mauritius,3.3007,98.41859,59.26,0.636109778,0.194829999,1.8839,50913.20351,,0.051921921,Sub-Saharan Africa,36.8,1.07125,301.81359,2.93508,826.92849,0.33222,93.59886,4.00633,1128.74208,4.33855,1222.34094,0,,,,,,,,,,,,,,,,1
MWI,Malawi,0.9048,98.30791,18.764,0.097816422,0.03156,0.036666667,2578.910757,,0.005026497,Sub-Saharan Africa,44.7,2.08558,358.88939,1.3655,234.97665,1.09723,188.81239,3.45108,593.86604,4.54831,782.67843,0,,,,,,,,,,,,,,,,0
MYS,Malaysia,3.1441,98.58923,74.436,1.02981327,0.875760001,2.10603,55396.49684,24.74966106,0.021887788,East Asia & Pacific,41,1.51821,13751.85792,1.56407,14167.30177,0.9466,8574.24831,3.08228,27919.15969,4.02888,36493.408,0,,,,,,,,,,,,,,,,1
NAM,Namibia,1.1483,96.80089,37.394,0.253432252,0.112270001,1.12164,37195.92735,,0.034427446,Sub-Saharan Africa,59.1,0.63039,154.18224,0.60366,147.64633,1.62627,377.72073,1.23405,301.82857,2.86032,679.5493,0,,,,,,,,,,,,,,,,1
NER,Niger,1.1322,60.79861,5.88,0,0.00725,0.13939,2046.904979,,0.009169285,Sub-Saharan Africa,34.3,1.24221,311.72781,0.45467,114.09751,0.60042,150.67367,1.69688,425.82532,2.2973,576.49899,0,,,,,,,,,,,,,,,,0
NGA,Nigeria,1.178,65.98485,,0.0818127,0.03679,0.4917,12815.9031,7.013803505,-0.061962401,Sub-Saharan Africa,35.1,,,,,,,,,,,0,,,,,,,,,,,,,,,,0
NIC,Nicaragua,1.1382,96.77095,43.408,0.750759067,0.01782,,11864.58141,,0.033871804,Latin America & Caribbean,46.2,1.78525,479.5074,0.5934,159.38231,1.16807,313.73577,2.37865,638.88971,3.54672,952.62548,0,,,,,,,,,,,,,,,,0
NLD,Netherlands,3.4648,98.59678,88.432,3.666116908,3.059229994,3.77083,94300.58591,65.94340738,0.01434844,Europe & Central Asia,28.5,1.14918,10896.33853,2.09729,19886.13925,1.58791,15056.23608,3.24647,30782.47778,4.83438,45838.71386,1,11275.74599,10403.8495,14356.7096,2533.5759,1527.5869,6088.3711,4.159009,3.030706,1.128303,0.94796795,0.44549283,0.50247512,24.949602,21.556784,36.938568,1
NOR,Norway,3.8674,99.73119,95.524,5.10042367,3.588479972,3.7862,109817.0784,77.47388019,-0.014889955,Europe & Central Asia,27,1.85965,6176.55393,2.21488,7356.39941,2.11109,7011.6623,4.07453,13532.95334,6.18562,20544.61564,1,16235.91694,14767.793,21789.44491,408.28458,80.262611,1649.1068,6.4440811,4.6549961,1.789085,0.16271849,0.02529979,0.1374187,31.211863,27.843662,43.952896,1
NPL,Nepal,0.9848,97.79176,31.076,0.028265524,0.039390001,0.69713,4328.771242,,0.023591847,South Asia,32.8,1.99142,1349.20111,1.23399,836.03477,0.39991,270.93828,3.22541,2185.23588,3.62532,2456.17416,0,,,,,,,,,,,,,,,,0
NRU,Nauru,,91.88521,,,0.17196,,,,,East Asia & Pacific,,,,,,,,,,,,0,,,,,,,,,,,,,,,,0
NZL,New Zealand,3.5956,98.69843,96.012,6.669538105,2.877560019,4.12863,72533.02121,41.40012626,0.022461562,East Asia & Pacific,,1.62862,3056.65587,2.27609,4271.84741,1.49767,2810.87348,3.90471,7328.50328,5.40238,10139.37676,1,8224.6553,8239.5283,8160.9863,2873.2488,1697.4318,7906.9849,4.69304563,3.8112679,0.88177773,1.63949575,0.78516231,0.85433344,28.478304,25.499208,41.231979,1
OMN,Oman,2.9039,98.89655,58.976,2.21048361,0.343709993,1.45128,51568.33726,,-0.106408843,Middle East & North Africa,,1.4608,2027.3616,2.36888,3287.6205,1.28951,1743.83788,3.82968,5314.9821,5.11919,7058.81998,0,,,,,,,,,,,,,,,,0
PAK,Pakistan,0.3123,68.26347,35.472,0.207215884,0.066830001,0.43995,16527.10682,7.884527283,0.027089695,South Asia,33.5,0.82286,6686.1099,0.99084,8050.99898,0.64109,5757.11996,1.8137,14737.10888,2.45479,20494.22884,0,,,,,,,,,,,,,,,,0
PAN,Panama,2.1621,92.04047,66.964,0.769382938,0.12528,2.26555,48316.59235,,0.042221579,Latin America & Caribbean,49.2,0.74145,641.79562,0.70848,613.25998,0.69678,662.11247,1.44993,1255.0556,2.14671,1917.16807,0,,,,,,,,,,,,,,,,1
PER,Peru,1.0899,99.31204,61.128,0.578505046,0.065440001,3.03587,22636.71425,11.71394811,0.020446417,Latin America & Caribbean,42.8,1.25617,5246.92352,1.28558,5369.72891,0.69642,2908.88446,2.54175,10616.65243,3.23817,13525.53689,0,,,,,,,,,,,,,,,,0
PHL,Philippines,1.0435,95.61094,70.242,0.507176793,0.02449,1.65629,20574.07187,9.575729431,0.050604992,East Asia & Pacific,44.4,,,,,,,,,,,0,,,,,,,,,,,,,,,,0
PLW,Palau,,96.00305,97.1,,0.826069996,2.7345,,,,East Asia & Pacific,,,,,,,,,,,,0,,,,,,,,,,,,,,,,0
PNG,Papua New Guinea,0.5101,92.6692,11.652,,0.02046,,,,,East Asia & Pacific,41.9,,,,,,,,,,,0,,,,,,,,,,,,,,,,0
POL,Poland,3.6369,96.23551,83.34,1.150541365,1.054940003,3.38505,67226.56,33.14109824,0.024616325,Europe & Central Asia,29.7,1.43942,16481.98817,1.36005,15573.17653,1.07614,12322.26816,2.79947,32055.1647,3.87561,44377.43286,1,7196.76838,6912.602,8184.413541,946.87598,684.31573,1859.4269,3.71630119,2.7626728,0.95362839,0.49949422,0.28033161,0.21916261,27.326008,25.491465,33.702118,1
PRK,"Korea, Democratic Republic of",2.885,97.7525,,,0.00343,1.45083,,,,East Asia & Pacific,,,,,,,,,,,,0,,,,,,,,,,,,,,,,0
PRT,Portugal,3.4546,99.46573,48.53,3.308567037,2.027640021,3.02226,57428.58645,30.82297892,-0.007567694,Europe & Central Asia,33.8,1.47507,5026.9735,2.22697,7589.4381,0.80092,2729.49932,3.70204,12616.4116,4.50296,15345.91092,1,8576.96176,8739.5967,7913.09848,1642.868,1095.986,3875.2036,4.24743245,3.5480182,0.69941425,0.83034814,0.44493793,0.38541021,30.888596,29.72724,35.629169,1
PRY,Paraguay,0.5317,89.814525,43.286,0.274898104,0.02875,2.0214,17485.44881,,0.022860795,Latin America & Caribbean,46.2,1.25281,1032.32616,1.07546,886.18777,0.80203,660.87576,2.32827,1918.51393,3.1303,2579.38969,0,,,,,,,,,,,,,,,,0
QAT,Qatar,3.6184,97.12487,61.772,1.28460697,0.97268002,0.58864,115187.9726,,-0.116884477,Middle East & North Africa,,,,,,,,,,,,0,,,,,,,,,,,,,,,,0
ROU,Romania,2.3359,93.59748,88.762,1.001251885,0.731579995,2.60232,62494.91767,34.60405655,0.056187242,Europe & Central Asia,36,0.38146,2031.67857,1.24409,6626.15577,0.71582,3812.54618,1.62555,8657.83434,2.34137,12470.38052,0,,,,,,,,,,,,,,,,1
RUS,Russia,2.6244,99.24394,93.762,0.916268432,0.46674,3.86504,49284.5085,24.96682295,-0.018685044,Europe & Central Asia,37.5,,,,,0.77745,29688.95629,,,,,0,5324.972661,5188.527277,5814.553765,764.66016,193.32411,2814.6829,3.00214026,2.2961954,0.70594486,0.43280002,0.08557305,0.34722697,23.350643,20.636663,33.088734,1
RWA,Rwanda,2.964,95.72597,12.94286,0.127968742,0.02457,0.38321,3827.502651,,0.044645711,Sub-Saharan Africa,43.7,0.878,201.54905,1.17571,269.89167,0.6093,139.8688,2.05371,471.44072,2.66301,611.30952,0,,,,,,,,,,,,,,,,0
SAU,Saudi Arabia,2.9905,97.1169,66.776,0.905033041,0.528320006,2.55545,105821.6557,,-0.063187646,Middle East & North Africa,,,,,,,,,,,,0,,,,,,,,,,,,,,,,0
SDN,Sudan,0.4551,58.33184,16.104,0.10079135,0.01827,0.825,20462.72646,,0.01336205,Sub-Saharan Africa,34.2,,,,,,,,,,,0,,,,,,,,,,,,,,,,0
SEN,Senegal,2.3521,74.7055,13.748,0.041354407,0.04505,0.5129,9430.562585,,0.018879554,Sub-Saharan Africa,40.3,1.53079,804.48987,0.81298,427.24965,1.58729,834.17954,2.34377,1231.73952,3.93106,2065.91906,0,,,,,,,,,,,,,,,,0
SGP,Singapore,3.6716,99.976,77.912,1.770025389,3.339249969,3.7266,128391.7799,57.37599762,0.01533298,East Asia & Pacific,,0.72789,3806.48227,0.65218,3410.56997,0.87305,4565.59449,1.38007,7217.05224,2.25312,11782.64673,0,,,,,,,,,,,,,,,,1
SLB,Solomon Islands,1.1644,94.25186,,,0.05914,,,,,East Asia & Pacific,37.1,,,,,,,,,,,0,,,,,,,,,,,,,,,,0
SLE,Sierra Leone,1.3917,97.78417,21.21,0.028299278,0.01235,,4383.583336,,0.010230697,Sub-Saharan Africa,35.7,2.99333,401.884,1.47145,197.55623,3.09636,415.71797,4.46478,599.44023,7.56114,1015.1582,0,,,,,,,,,,,,,,,,0
SLV,El Salvador,0.9246,91.46973,41.246,0.795878248,0.01664,1.53325,16425.11486,,0.00969064,Latin America & Caribbean,38.6,1.65844,917.42207,1.22219,676.09611,0.32947,182.25899,2.88063,1593.51818,3.2101,1775.77717,0,,,,,,,,,,,,,,,,0
SMR,San Marino,,97.545175,,,0.717140009,2.47266,,,,Europe & Central Asia,,1.2252,24.56693,1.14201,22.89886,0.23642,4.74048,2.36721,47.46579,2.60363,52.20627,0,,,,,,,,,,,,,,,,0
SOM,Somalia,0.3015,,,,0.0015,,,,,Sub-Saharan Africa,,,,,,,,,,,,0,,,,,,,,,,,,,,,,0
SRB,Serbia,2.7367,97.63919,86.372,0.80645427,1.001670009,2.68235,30641.81944,,-0.009659275,Europe & Central Asia,36.2,1.71792,1891.03952,2.49125,3018.99442,0.98965,1199.29271,4.20917,4910.03394,5.19882,6109.32665,0,,,,,,,,,,,,,,,,1
SSD,South Sudan,0.110142857,39.10981429,33.2,,0.0008,,,,,Sub-Saharan Africa,46.3,0.56135,93.52223,0.18876,35.60847,0.77868,60.57332,0.75011,129.1307,1.52879,189.70402,0,,,,,,,,,,,,,,,,0
STP,Sao Tome and Principe,2.1073,90.64729,38.25,0,0.02331,0.47539,12064.17891,,0.022647443,Sub-Saharan Africa,56.3,2.0925,15.10763,0.84754,6.11919,0.35991,2.59851,2.94004,21.22682,3.29995,23.82533,0,,,,,,,,,,,,,,,,0
SUR,Suriname,2.2427,88.63656,56.02858,0.365280745,0.064480001,,37390.05601,,-0.020066577,Latin America & Caribbean,,,,,,,,,,,,0,,,,,,,,,,,,,,,,1
SVK,Slovakia,2.4918,94.84674,98.405,1.272467685,1.314809996,2.52562,69750.6965,39.96646173,0.01354507,Europe & Central Asia,25.2,0.88245,1483.51656,1.70312,2863.15357,0.78592,1321.23097,2.58557,4346.67013,3.37149,5667.9011,1,6534.93812,6168.091693,8325.09898,1026.7305,542.54486,3389.4934,3.12396344,2.4686137,0.65534974,0.49518858,0.21716528,0.2780233,24.46295,21.709757,37.898186,1
SVN,Slovenia,3.8721,99.51904,96.904,1.862537242,2.795839977,3.88932,70898.12023,42.83644003,0.023133312,Europe & Central Asia,24.2,1.36659,1034.98598,1.64746,1247.70209,0.946,716.4546,3.01405,2282.68807,3.96005,2999.14267,1,8896.33614,8376.473481,11126.14692,1000.5229,846.5481,1660.9561,3.75255511,2.8984173,0.85413781,0.42819445,0.29380046,0.13439399,26.995676,25.157648,34.879398,1
SWE,Sweden,3.1574,99.80221,87.428,5.302314297,3.579770017,3.43813,96119.54134,59.72793479,0.012616308,Europe & Central Asia,28.8,1.89126,10031.8654,2.1224,11257.8967,1.79499,9521.20015,4.01366,21289.7621,5.80865,30810.96225,1,14019.66181,12338.735,22615.9586,485.45602,,2968.0908,5.1854326,3.8679825,1.3174501,,,0.18193995,27.527681,23.416342,48.553181,1
SWZ,Eswatini,1.3419,85.51681,27.714,0.154573207,0.09695,0.37517,30566.38375,,-0.006093146,Sub-Saharan Africa,54.6,3.59085,335.23562,2.40772,224.78085,0.94267,88.00629,5.99857,560.01647,6.94124,648.02276,0,,,,,,,,,,,,,,,,1
SYC,Seychelles,3.547,98.69011,,2.144691749,0.487359992,0.43169,55139.12906,,0.040725076,Sub-Saharan Africa,46.8,1.35154,33.80953,1.20029,30.0258,0.95652,23.92771,2.55183,63.83533,3.50835,87.76304,0,,,,,,,,,,,,,,,,1
TCD,Chad,0.8287,71.2697,5.757,0.059155038,0.00262,0.14206,3865.600875,,-0.069464213,Sub-Saharan Africa,43.3,1.03007,251.31506,0.4476,109.20375,0.23168,56.52379,1.47767,360.51881,1.70935,417.0426,0,,,,,,,,,,,,,,,,0
TGO,Togo,3.1587,92.41515,33.882,0.055449165,0.01944,0.55533,3478.888237,,0.032913834,Sub-Saharan Africa,43.1,3.1747,355.16783,0.79378,88.80362,0.88525,103.35184,3.96848,443.97145,4.85373,547.32329,0,,,,,,,,,,,,,,,,0
THA,Thailand,1.8407,98.0825,41.526,0.496045215,0.19623,2.50508,29746.82808,13.61133339,0.044225383,East Asia & Pacific,36.4,1.69522,18232.56116,1.22958,13224.43416,0.64142,6898.6724,2.9248,31456.99532,3.56622,38355.66772,0,,,,,,,,,,,,,,,,1
TJK,Tajikistan,0.9331,98.82245,93.258,0.217944285,0.01454,1.33374,12140.00614,,0.058742094,Europe & Central Asia,34,,,,,0.52029,124.11155,,,,,0,,,,,,,,,,,,,,,,0
TKM,Turkmenistan,2.5599,,,0.036638473,0.00406,0.3983,44728.45,,0.058425338,Europe & Central Asia,,,,,,0.28139,157.18501,,,,,0,,,,,,,,,,,,,,,,1
TLS,Timor-Leste,0.911,93.15416,,,0.01823,1.01855,,,,East Asia & Pacific,28.7,4.87689,186.97413,2.24103,85.91859,0.30898,11.8461,7.11792,272.89272,7.4269,284.73882,0,,,,,,,,,,,,,,,,0
TON,Tonga,,98.76179,89.498,,0.11696,,,,,East Asia & Pacific,37.6,,,,,,,,,,,0,,,,,,,,,,,,,,,,0
TTO,Trinidad and Tobago,3.3346,98.56915,67.386,0.443384064,0.26487,,85527.07436,,0.065044915,Latin America & Caribbean,,,,,,,,,,,,0,,,,,,,,,,,,,,,,1
TUN,Tunisia,2.1994,98.78733,44.142,0.575099868,0.588519996,1.71832,36872.53978,,0.013711811,Middle East & North Africa,32.8,,,4.72187,5553.39532,1.57896,1857.02137,,,,,0,,,,,,,,,,,,,,,,1
TUR,Turkey,1.3386,94.7361,49.938,0.6482977,0.495829999,4.20994,79620.33905,43.46088376,0.031140606,Europe & Central Asia,41.9,,,,,,,,,,,1,4225.71268,3367.128948,7794.179868,1360.4459,1227.3572,1913.5929,3.7736718,2.4307236,1.3429482,1.22037597,0.8874636,0.33291237,19.803062,16.287561,34.414284,1
TUV,Tuvalu,,90.65293,,,0.215170004,,,,,East Asia & Pacific,39.1,,,,,,,,,,,0,,,,,,,,,,,,,,,,0
TWN,Taiwan,3.7418,,,3.064012796,,,95801.46308,48.13367042,0.024922842,East Asia & Pacific,,,,,,,,,,,,0,,,,,,,,,,,,,,,,1
TZA,Tanzania,2.0042,86.97788,12.032,0.06145887,0.02418,0.17371,5410.626032,,0.029594817,Sub-Saharan Africa,40.5,1.66368,1754.28324,0.61836,652.03957,0.72434,763.78905,2.28204,2406.32281,3.00638,3170.11186,0,,,,,,,,,,,,,,,,0
UGA,Uganda,1.1966,95.06763,30.142,0.13112764,0.03399,0.22701,4804.753899,,-0.000647971,Sub-Saharan Africa,42.8,1.14191,811.17498,0.4739,336.64603,0.31455,223.4485,1.61581,1147.82101,1.93036,1371.26951,0,,,,,,,,,,,,,,,,0
UKR,Ukraine,3.0228,91.9363,94.494,0.611036166,0.236780003,3.92936,26238.88229,,0.032874873,Europe & Central Asia,26.1,1.17327,5917.38889,1.66335,8389.09305,1.35255,6821.58494,2.83662,14306.48194,4.18917,21128.06688,0,,,,,,,,,,,,,,,,1
URY,Uruguay,2.9947,99.5443,52.552,1.419433408,0.379889998,2.91257,42225.66196,27.20117391,0.011174477,Latin America & Caribbean,39.7,1.15442,859.73488,1.65676,1233.84079,1.24239,925.24906,2.81118,2093.57567,4.05357,3018.82473,0,,,,,,,,,,,,,,,,1
USA,United States,2.5235,98.18222,95.128,3.146005314,1.77371999,4.18379,117974.1592,67.13660917,0.012340279,North America,41.1,1.56964,293636.197,1.74064,325625.5928,1.45485,272161.3438,3.31028,619261.7898,4.76513,891423.1336,1,12178.529,12346.274,11614.43,5814.1709,1164.9047,21448.92,4.15173916,3.2442038,0.90753536,1.98208826,0.30609946,1.6759888,30.626842,22.99848,56.279827,1
UZB,Uzbekistan,2.5951,97.20565,99.9,0.303668266,0.02024,0.44542,20658.93389,,0.045395853,Europe & Central Asia,35.3,,,,,,,,,,,0,,,,,,,,,,,,,,,,0
VAT,Vatican City,,,,,,,,,,,,,,,,,,,,,,0,,,,,,,,,,,,,,,,0
VCT,St. Vincent and the Grenadines,,99.19463,,0,0.06295,1.20396,23123.15603,,0.012153443,Latin America & Caribbean,,2.10094,28.86525,1.79623,24.6788,0.35649,4.41802,3.89717,53.54405,4.25366,57.96207,0,,,,,,,,,,,,,,,,0
VNM,Vietnam,3.0262,99.48378,69.374,0.118636929,0.05462,1.31901,11507.30927,5.303905822,0.058196259,East Asia & Pacific,35.7,1.67804,8855.71193,2.23649,11802.87803,0.84831,4476.87213,3.91453,20658.58996,4.76284,25135.46209,0,,,,,,,,,,,,,,,,0
VUT,Vanuatu,2.6531,93.6174,,,0.11555,,,,,East Asia & Pacific,37.6,2.0236,18.03249,1.49141,13.29013,,,3.51501,31.32262,,,0,,,,,,,,,,,,,,,,0
WBG,West Bank and Gaza,2.85547,94.2846,57.244,1.647676604,0.133990001,2.57269,,,,Middle East & North Africa,,,,,,,,,,,,0,,,,,,,,,,,,,,,,0
WSM,Samoa,,99.05865,73.8,,0.126829998,,,,,East Asia & Pacific,38.7,1.54206,17.59204,1.782,20.32935,0.38216,4.35979,3.32406,37.92139,3.70622,42.28118,0,,,,,,,,,,,,,,,,0
ZAF,South Africa,0.8671,94.60329,74.054,0.491746713,0.331580003,1.1366,38277.72126,17.32735849,-0.00790623,Sub-Saharan Africa,63,2.43904,17644.09665,1.93661,14009.53212,1.134,8203.41689,4.37565,31653.62877,5.50965,39857.04566,0,,,,,,,4.66276648,4.0618406,0.60092588,,,,,,,1
ZMB,Zambia,1.0845,87.38449,38.73,0.089804166,0.02705,0.20775,13401.89562,,0.018674596,Sub-Saharan Africa,57.1,2.51196,1475.40218,0.87013,511.06956,0.33254,195.3159,3.38209,1986.47174,3.71463,2181.78764,0,,,,,,,,,,,,,,,,0
ZWE,Zimbabwe,2.6889,98.82492,56.196,0.155860579,0.04367,0.41191,3560.895583,,0.007355443,Sub-Saharan Africa,44.3,2.9322,1177.3336,1.64915,662.16649,1.03321,414.85422,4.58135,1839.50009,5.61456,2254.35431,0,,,,,,,,,,,,,,,,0
